id_source,ra,dec
source_1,254.8434181,1.6464036
source_2,215.4162802,13.2295515