id_source,ra,dec
source_1,160.18301441363647,33.0164673528409
source_2,174.21524897555545,44.83789535222221
